Strain_ID,Feature_00,Feature_01,Feature_02,Feature_03,Feature_04,Feature_05,Feature_06,Feature_07,Feature_08,Feature_09,Feature_10,Feature_11,Feature_12,Feature_13,Feature_14,Feature_15,Feature_16,Feature_17,Feature_18,Feature_19,Perfect_Corr_A,Perfect_Corr_B,Mod_Corr_A
STRAIN_0000,0,0,0,0,0,0,1,0,0,1,1,0,1,1,0,1,1,1,1,1,0,1,1
STRAIN_0001,1,0,1,0,0,0,0,0,0,1,1,1,1,1,0,0,1,1,1,0,0,1,1
STRAIN_0002,0,0,0,0,0,1,0,0,0,0,0,1,1,0,0,1,1,0,1,1,1,0,1
STRAIN_0003,0,1,1,0,0,1,0,1,0,0,1,1,1,1,0,1,0,1,1,0,1,0,1
STRAIN_0004,0,0,0,0,0,1,0,1,0,0,1,0,0,1,1,1,1,1,1,1,1,0,1
STRAIN_0005,0,0,1,0,1,0,1,0,0,1,0,0,0,1,0,0,0,1,1,0,0,1,1
STRAIN_0006,0,0,0,0,1,1,1,1,0,1,1,1,1,1,0,0,0,0,1,1,1,0,0
STRAIN_0007,0,0,0,0,1,1,0,1,1,0,0,0,1,1,1,1,1,0,1,1,1,0,1
STRAIN_0008,0,0,1,0,0,0,0,0,0,0,1,1,0,0,1,1,1,1,0,1,0,1,1
STRAIN_0009,0,0,0,0,0,0,1,1,0,0,1,0,1,1,0,1,1,1,0,1,0,1,1
STRAIN_0010,0,0,0,0,1,0,0,0,1,1,1,0,0,0,1,1,1,1,1,1,0,1,1
STRAIN_0011,1,0,1,1,1,1,0,0,1,1,1,0,1,1,1,1,1,1,1,1,1,0,1
STRAIN_0012,0,0,1,0,0,1,0,0,0,0,0,1,1,1,1,1,1,1,1,1,1,0,1
STRAIN_0013,0,0,0,0,1,0,1,0,0,0,1,0,1,0,1,1,1,1,1,1,0,1,1
STRAIN_0014,0,0,0,1,1,1,1,0,0,0,0,0,1,1,1,1,1,1,1,1,1,0,0
STRAIN_0015,0,0,0,1,0,1,0,1,1,1,1,1,0,1,0,1,1,1,1,1,1,0,1
STRAIN_0016,0,0,0,0,0,0,0,0,1,0,1,0,1,1,1,0,1,1,1,1,0,1,1
STRAIN_0017,0,0,0,0,0,0,1,0,1,1,0,1,1,1,1,1,1,1,1,1,0,1,1
STRAIN_0018,0,0,0,1,0,1,1,0,0,1,1,0,1,0,1,1,1,1,1,1,1,0,1
STRAIN_0019,0,0,0,0,0,0,0,1,1,0,0,1,1,1,1,0,1,1,1,1,0,1,0
STRAIN_0020,0,0,0,0,1,1,1,0,0,0,0,0,1,0,0,1,1,1,1,1,1,0,0
STRAIN_0021,0,0,0,0,0,0,0,0,0,0,0,1,1,0,1,1,1,1,1,1,0,1,0
STRAIN_0022,0,0,0,0,0,1,0,0,0,1,0,1,0,1,1,1,1,1,1,1,1,0,1
STRAIN_0023,0,0,0,0,0,1,1,0,1,1,1,1,1,0,1,1,1,1,0,1,1,0,1
STRAIN_0024,0,0,0,0,0,1,0,1,0,1,1,1,1,1,1,1,1,0,1,1,1,0,1
STRAIN_0025,0,0,0,0,1,0,0,1,1,1,1,1,0,0,0,1,0,1,1,1,0,1,1
STRAIN_0026,0,1,0,0,0,1,0,0,0,0,0,1,1,1,0,0,1,1,1,1,1,0,0
STRAIN_0027,0,0,1,0,0,1,0,1,0,1,0,0,0,0,1,1,1,1,0,1,1,0,0
STRAIN_0028,0,1,0,0,1,0,1,1,0,1,1,1,1,1,1,1,1,0,1,1,0,1,1
STRAIN_0029,0,0,0,0,0,1,0,1,0,0,0,1,0,1,1,1,1,1,1,1,1,0,0
STRAIN_0030,0,0,0,0,0,0,1,0,1,1,1,0,1,1,1,1,1,1,1,1,0,1,1
STRAIN_0031,0,0,0,1,0,0,0,0,0,1,0,1,0,0,1,1,1,0,1,1,0,1,0
STRAIN_0032,0,0,0,0,0,0,0,0,1,1,1,0,0,1,1,0,1,1,1,1,0,1,0
STRAIN_0033,1,0,0,0,0,0,0,1,1,1,0,0,1,1,1,1,1,1,1,1,0,1,0
STRAIN_0034,1,0,0,0,0,0,1,0,1,1,0,0,0,0,1,1,1,1,1,1,0,1,1
STRAIN_0035,0,0,0,0,0,1,0,0,0,1,1,0,1,0,0,1,1,1,1,1,1,0,1
STRAIN_0036,0,0,0,0,1,0,1,0,0,0,1,0,1,0,0,1,1,1,0,0,0,1,1
STRAIN_0037,0,0,1,0,0,1,0,1,0,0,1,1,1,0,1,0,0,1,1,1,1,0,1
STRAIN_0038,0,0,0,0,0,0,1,0,1,1,1,1,1,0,0,1,1,0,1,0,0,1,1
STRAIN_0039,0,0,0,0,0,0,0,1,1,0,1,1,1,0,1,1,1,0,1,1,0,1,1
STRAIN_0040,0,1,0,0,0,0,1,1,0,0,0,0,1,1,1,1,1,1,1,1,0,1,0
STRAIN_0041,0,1,1,0,0,1,1,0,1,0,0,1,1,1,0,0,1,1,0,1,1,0,0
STRAIN_0042,0,1,0,0,0,0,1,1,0,0,0,0,0,0,0,1,1,1,1,1,0,1,0
STRAIN_0043,1,0,0,0,1,0,1,0,1,1,1,0,0,1,0,1,1,0,1,1,0,1,1
STRAIN_0044,0,0,0,0,0,1,1,1,0,1,0,0,1,1,1,0,1,0,1,1,1,0,0
STRAIN_0045,0,1,1,1,0,0,0,0,1,0,0,1,1,1,1,1,1,1,1,1,0,1,0
STRAIN_0046,0,0,1,0,0,0,0,1,0,0,1,1,1,0,0,1,1,1,1,0,0,1,1
STRAIN_0047,0,1,0,0,1,0,0,1,1,0,0,0,1,1,1,1,1,1,1,1,0,1,0
STRAIN_0048,0,1,0,1,0,1,1,1,1,1,0,0,1,1,1,1,0,1,1,1,1,0,0
STRAIN_0049,0,0,0,0,0,0,0,1,1,1,1,1,1,1,1,1,1,1,0,1,0,1,1
STRAIN_0050,1,0,0,0,0,1,1,0,0,0,1,1,1,1,1,1,1,1,1,1,1,0,1
STRAIN_0051,0,0,0,0,1,0,0,1,0,1,1,0,0,1,1,1,1,1,1,1,0,1,0
STRAIN_0052,1,0,0,0,0,1,0,1,0,1,1,0,1,1,1,1,1,1,1,1,1,0,1
STRAIN_0053,0,0,1,0,1,1,0,0,0,1,0,0,1,1,0,1,1,1,1,0,1,0,0
STRAIN_0054,0,0,0,0,0,1,1,0,0,1,0,0,1,0,1,1,1,0,1,1,1,0,0
STRAIN_0055,1,0,0,0,0,0,0,1,1,0,0,0,1,1,1,0,1,1,1,1,0,1,1
STRAIN_0056,0,1,0,0,0,1,0,1,0,1,1,1,1,0,1,1,1,1,1,1,1,0,1
STRAIN_0057,0,0,0,0,0,0,0,1,0,0,1,1,0,0,1,1,1,1,1,1,0,1,0
STRAIN_0058,0,0,0,0,0,0,0,0,0,1,0,1,1,1,1,1,1,1,1,1,0,1,1
STRAIN_0059,0,0,0,0,0,0,0,1,0,1,0,1,1,0,1,0,0,1,0,1,0,1,0
STRAIN_0060,0,0,0,0,1,1,0,0,1,1,1,0,0,1,0,1,1,1,1,1,1,0,0
STRAIN_0061,0,1,0,1,0,1,1,1,0,1,1,0,0,0,1,1,1,1,1,1,1,0,1
STRAIN_0062,0,0,0,0,0,1,0,0,1,0,0,0,0,1,0,1,1,1,1,1,1,0,0
STRAIN_0063,0,0,0,0,0,0,0,1,0,1,1,1,1,0,1,1,1,1,1,1,0,1,1
STRAIN_0064,0,1,1,0,0,0,0,1,1,1,1,0,0,1,1,1,0,1,1,1,0,1,1
STRAIN_0065,0,0,0,0,0,1,0,0,1,1,0,0,1,1,1,1,1,1,1,1,1,0,0
STRAIN_0066,0,0,0,0,0,0,0,1,0,0,1,0,1,1,1,1,1,1,1,1,0,1,1
STRAIN_0067,0,0,1,0,0,0,0,0,1,0,1,0,1,0,0,0,1,1,1,1,0,1,1
STRAIN_0068,0,0,0,0,1,0,0,1,0,0,1,1,1,0,1,1,1,0,1,1,0,1,1
STRAIN_0069,1,0,1,0,1,0,0,1,1,1,1,1,1,1,1,1,1,1,1,1,0,1,1
STRAIN_0070,0,0,0,0,0,0,1,0,0,1,0,1,1,1,0,1,1,1,1,1,0,1,0
STRAIN_0071,0,0,1,1,0,0,1,1,1,0,1,1,0,1,0,1,1,1,1,1,0,1,1
STRAIN_0072,0,1,0,0,0,0,1,1,1,0,1,1,0,0,0,1,1,1,1,1,0,1,1
STRAIN_0073,0,1,1,0,0,0,0,0,1,1,0,0,0,1,1,1,1,1,1,1,0,1,1
STRAIN_0074,0,0,0,0,0,1,0,0,1,1,0,0,1,0,0,1,0,0,1,1,1,0,0
STRAIN_0075,0,0,1,1,0,0,0,1,0,1,0,0,0,1,1,0,0,1,1,1,0,1,1
STRAIN_0076,0,0,0,0,0,0,0,1,0,1,1,0,1,1,1,0,0,0,1,1,0,1,1
STRAIN_0077,0,0,0,0,0,0,1,1,0,0,1,1,0,1,1,1,1,1,1,1,0,1,1
STRAIN_0078,0,0,1,1,0,0,0,1,0,0,0,0,1,1,1,1,1,1,1,1,0,1,0
STRAIN_0079,0,0,0,1,0,1,0,0,1,1,0,1,0,1,1,0,0,1,1,1,1,0,0
STRAIN_0080,0,1,0,1,0,1,0,1,0,1,1,1,1,1,1,0,1,1,1,1,1,0,1
STRAIN_0081,0,0,0,0,0,0,1,0,1,1,1,1,0,0,0,0,1,1,1,1,0,1,1
STRAIN_0082,0,0,0,0,0,0,0,0,1,1,1,1,0,1,1,1,0,1,1,0,0,1,1
STRAIN_0083,0,0,0,0,0,1,0,0,1,1,0,1,1,1,1,1,0,0,1,1,1,0,1
STRAIN_0084,0,0,0,1,1,1,0,0,0,0,0,1,1,1,1,1,1,1,1,1,1,0,0
STRAIN_0085,0,0,1,0,0,0,0,0,1,0,1,1,0,1,0,1,1,1,1,0,0,1,1
STRAIN_0086,0,0,0,0,0,0,0,0,1,0,1,0,1,1,1,1,1,1,0,0,0,1,1
STRAIN_0087,0,0,0,0,0,0,0,1,0,0,0,1,0,1,1,1,0,1,1,1,0,1,0
STRAIN_0088,0,0,1,0,0,1,0,0,1,1,0,1,1,1,0,1,0,1,1,1,1,0,1
STRAIN_0089,0,0,1,0,0,0,0,0,1,1,1,1,1,1,0,1,1,1,1,1,0,1,1
STRAIN_0090,0,0,0,0,0,1,0,0,0,0,0,0,1,1,1,1,1,1,1,1,1,0,0
STRAIN_0091,0,0,0,0,1,0,0,0,0,0,0,1,1,1,0,0,0,1,1,1,0,1,0
STRAIN_0092,0,0,0,0,1,0,0,0,0,1,1,1,0,1,0,1,1,0,1,1,0,1,1
STRAIN_0093,0,0,0,0,0,0,1,0,0,0,0,1,1,1,1,0,1,0,1,1,0,1,0
STRAIN_0094,0,0,0,0,0,0,1,0,0,1,1,1,1,0,1,1,0,1,1,1,0,1,1
STRAIN_0095,0,0,0,0,0,0,0,1,0,1,0,1,1,1,0,1,1,1,1,1,0,1,0
STRAIN_0096,0,0,0,0,0,0,0,1,0,1,0,1,1,0,1,0,1,0,0,1,0,1,0
STRAIN_0097,0,0,0,0,1,0,0,0,0,0,0,1,0,1,1,1,1,0,1,1,0,1,1
STRAIN_0098,0,0,1,0,0,1,0,0,1,0,0,1,0,0,1,1,1,1,0,1,1,0,0
STRAIN_0099,0,0,1,0,0,0,1,1,0,1,1,1,1,0,1,1,0,1,1,1,0,1,1
STRAIN_0100,0,0,0,0,0,0,0,0,1,1,0,0,0,1,1,1,1,1,1,1,0,1,0
STRAIN_0101,0,0,0,0,0,1,1,0,0,0,0,0,0,0,0,0,0,1,1,1,1,0,1
STRAIN_0102,0,0,0,0,0,1,0,0,0,1,1,1,1,1,1,0,1,0,1,0,1,0,0
STRAIN_0103,0,0,0,0,0,1,0,0,0,0,0,1,0,1,1,1,1,1,1,1,1,0,0
STRAIN_0104,1,0,0,0,0,1,1,0,0,1,0,0,1,0,1,1,1,0,0,1,1,0,0
STRAIN_0105,0,1,0,1,1,0,1,0,0,0,1,1,1,0,1,1,1,1,0,1,0,1,1
STRAIN_0106,0,0,1,0,1,0,1,0,1,1,0,1,0,1,0,1,1,0,1,1,0,1,0
STRAIN_0107,0,0,1,1,0,1,1,0,0,0,0,0,1,1,1,1,1,1,1,1,1,0,0
STRAIN_0108,0,0,1,0,0,1,0,1,1,0,1,1,0,1,1,1,1,0,1,1,1,0,1
STRAIN_0109,0,0,0,0,0,0,1,1,1,0,0,1,0,1,1,1,1,1,0,1,0,1,0
STRAIN_0110,0,0,0,0,0,1,0,1,0,0,1,1,1,0,1,1,1,1,1,1,1,0,1
STRAIN_0111,0,0,0,0,0,0,1,1,0,1,1,0,0,1,1,1,1,1,1,1,0,1,1
STRAIN_0112,1,0,1,0,0,0,0,1,1,1,1,1,1,1,0,1,1,0,1,1,0,1,1
STRAIN_0113,0,1,1,0,0,0,1,0,0,0,0,0,1,1,0,1,1,0,1,0,0,1,0
STRAIN_0114,0,0,0,0,0,0,0,0,0,0,0,0,0,1,1,1,1,0,0,0,0,1,1
STRAIN_0115,0,0,0,1,0,0,0,0,1,1,1,1,0,1,1,0,1,0,1,1,0,1,1
STRAIN_0116,0,0,0,1,0,0,0,1,0,1,1,1,1,1,0,0,1,1,1,1,0,1,1
STRAIN_0117,0,0,0,1,1,1,1,1,1,1,0,1,1,0,0,1,1,1,1,1,1,0,0
STRAIN_0118,0,0,1,0,1,0,0,0,1,0,1,1,0,0,1,1,0,1,1,1,0,1,1
STRAIN_0119,0,0,0,0,0,0,0,1,0,0,0,1,0,1,1,1,1,1,1,1,0,1,1
STRAIN_0120,0,0,0,1,1,1,0,0,0,1,0,0,0,0,1,1,1,1,1,0,1,0,0
STRAIN_0121,0,0,0,0,0,1,0,1,0,0,1,0,1,0,0,1,1,1,1,1,1,0,1
STRAIN_0122,0,0,1,0,1,1,1,0,0,1,0,0,1,0,0,1,1,1,0,1,1,0,0
STRAIN_0123,0,0,1,0,1,1,0,0,0,0,1,1,1,1,1,1,1,1,1,1,1,0,0
STRAIN_0124,0,1,1,0,0,0,1,0,1,1,0,0,0,1,1,0,0,1,1,0,0,1,0
STRAIN_0125,0,0,0,1,0,0,0,0,0,0,0,0,1,1,0,1,1,1,0,1,0,1,0
STRAIN_0126,0,0,0,0,0,0,0,0,0,1,0,0,1,1,0,1,0,0,1,1,0,1,0
STRAIN_0127,0,0,0,1,0,0,1,0,1,0,1,1,0,1,0,1,1,1,1,1,0,1,1
STRAIN_0128,0,0,0,0,0,0,1,1,1,1,0,0,1,1,0,0,1,0,1,1,0,1,0
STRAIN_0129,0,0,1,0,0,0,0,0,1,0,1,1,0,1,1,0,1,1,1,1,0,1,1
STRAIN_0130,0,0,0,0,0,1,0,0,0,1,1,1,0,0,1,0,1,1,1,0,1,0,1
STRAIN_0131,0,0,1,1,1,0,1,1,1,1,1,1,0,1,1,0,1,1,0,1,0,1,1
STRAIN_0132,0,0,1,0,1,0,0,1,0,1,0,0,1,1,1,0,1,1,1,1,0,1,1
STRAIN_0133,0,0,0,0,0,0,1,0,0,1,0,0,1,0,1,1,1,1,1,1,0,1,0
STRAIN_0134,1,0,0,0,0,0,1,0,0,1,0,1,0,0,0,1,0,1,1,1,0,1,0
STRAIN_0135,0,0,1,1,0,0,1,0,1,1,0,1,0,0,1,1,1,1,1,1,0,1,1
STRAIN_0136,0,0,1,0,0,1,0,0,0,0,1,1,0,0,0,0,0,1,1,1,1,0,1
STRAIN_0137,0,0,0,1,1,0,1,1,0,1,0,1,1,1,1,0,1,1,1,1,0,1,0
STRAIN_0138,0,0,0,0,0,0,0,0,0,0,1,1,0,0,0,1,1,1,1,1,0,1,1
STRAIN_0139,1,0,0,0,0,0,0,0,0,0,0,1,0,1,1,1,1,1,1,1,0,1,1
STRAIN_0140,1,0,1,0,0,1,0,1,1,0,0,0,0,1,1,1,0,1,0,1,1,0,0
STRAIN_0141,0,0,0,0,0,0,0,0,1,0,0,1,0,1,1,0,1,1,1,1,0,1,1
STRAIN_0142,0,0,0,0,0,0,1,0,1,1,0,1,0,1,1,1,1,1,1,1,0,1,0
STRAIN_0143,0,0,0,0,1,0,1,0,0,1,1,1,0,1,0,1,1,1,1,1,0,1,0
STRAIN_0144,0,0,0,0,0,0,1,1,0,1,1,0,1,1,0,1,1,0,1,1,0,1,1
STRAIN_0145,0,0,0,1,0,1,0,0,0,0,0,0,1,0,1,1,1,1,1,1,1,0,0
STRAIN_0146,0,0,0,0,0,1,0,1,0,0,1,0,1,1,1,0,1,1,1,1,1,0,1
STRAIN_0147,0,0,0,0,1,0,0,0,0,0,1,1,1,1,1,1,1,1,1,1,0,1,1
STRAIN_0148,0,0,0,1,1,1,1,0,1,0,1,0,1,0,1,0,1,1,1,1,1,0,1
STRAIN_0149,0,0,0,0,0,1,0,1,0,0,0,1,1,1,0,1,1,1,0,1,1,0,0
STRAIN_0150,1,0,0,0,0,1,1,1,0,0,1,0,1,1,0,1,1,1,0,1,1,0,0
STRAIN_0151,0,0,1,1,0,1,0,0,0,0,1,0,1,0,0,1,1,1,0,1,1,0,1
STRAIN_0152,0,0,0,0,0,1,0,1,0,1,0,0,0,1,0,1,0,1,1,0,1,0,0
STRAIN_0153,0,0,0,0,1,0,1,1,0,1,0,0,0,1,1,1,1,1,1,1,0,1,0
STRAIN_0154,1,0,1,0,0,0,0,0,1,1,1,0,1,0,0,1,1,1,1,1,0,1,0
STRAIN_0155,0,0,0,1,0,1,1,0,1,1,1,1,0,1,0,1,1,1,1,1,1,0,1
STRAIN_0156,0,0,0,0,0,0,1,1,1,1,1,0,1,1,0,0,1,1,1,0,0,1,1
STRAIN_0157,0,0,0,0,0,1,0,0,0,0,1,1,1,0,0,1,1,1,1,1,1,0,0
STRAIN_0158,0,1,0,1,0,1,0,1,0,1,1,1,1,0,1,0,0,1,1,1,1,0,0
STRAIN_0159,0,0,0,1,1,0,0,1,0,1,0,1,1,1,0,1,1,1,1,1,0,1,0
STRAIN_0160,0,0,0,0,0,1,1,0,0,0,0,1,0,1,1,1,0,1,1,1,1,0,0
STRAIN_0161,0,0,0,0,0,0,0,0,1,0,0,1,0,1,1,1,1,0,1,1,0,1,0
STRAIN_0162,0,0,0,0,0,0,0,1,0,1,1,1,1,1,1,1,1,1,1,1,0,1,1
STRAIN_0163,0,0,0,0,0,1,0,0,0,0,0,1,1,1,0,1,1,1,1,1,1,0,0
STRAIN_0164,0,1,0,0,0,0,1,1,0,1,1,0,1,1,0,1,0,1,1,1,0,1,1
STRAIN_0165,0,0,0,0,0,1,0,0,0,1,0,1,1,0,0,1,1,1,1,1,1,0,0
STRAIN_0166,0,1,0,0,0,1,1,1,1,0,0,1,1,1,0,0,1,1,1,1,1,0,1
STRAIN_0167,0,1,0,1,0,0,1,0,0,0,1,1,1,1,1,1,1,1,1,1,0,1,1
STRAIN_0168,0,0,1,0,0,0,0,1,0,0,0,1,0,1,0,0,1,1,1,1,0,1,0
STRAIN_0169,0,0,0,1,0,0,0,0,0,0,1,0,0,0,1,1,1,0,1,1,0,1,0
STRAIN_0170,0,0,0,0,0,0,1,0,0,0,0,0,1,1,1,1,1,1,1,0,0,1,0
STRAIN_0171,0,0,0,1,1,1,0,0,1,1,1,0,0,1,1,1,1,1,0,1,1,0,1
STRAIN_0172,0,0,0,0,1,0,1,1,1,0,1,0,1,0,0,1,1,0,1,1,0,1,1
STRAIN_0173,0,0,0,0,0,0,0,1,1,0,0,1,1,1,0,1,1,0,1,1,0,1,0
STRAIN_0174,0,0,1,1,0,0,0,0,1,0,1,0,1,1,1,1,0,0,1,1,0,1,1
STRAIN_0175,0,0,1,0,0,0,1,0,0,1,0,1,0,1,1,1,0,1,0,0,0,1,1
STRAIN_0176,0,0,0,0,0,1,0,0,1,0,1,1,0,1,0,1,1,1,1,1,1,0,1
STRAIN_0177,0,0,1,0,0,0,0,1,0,0,0,0,1,1,1,0,1,1,1,1,0,1,0
STRAIN_0178,1,0,0,0,0,1,0,1,0,1,0,1,1,1,0,0,1,1,1,1,1,0,0
STRAIN_0179,0,0,0,0,0,0,0,0,1,1,1,0,0,1,0,1,1,1,0,1,0,1,1
STRAIN_0180,0,0,0,0,0,1,0,0,0,0,1,0,1,1,1,1,1,1,1,1,1,0,0
STRAIN_0181,0,0,1,0,1,0,0,0,1,1,1,0,0,0,1,1,1,0,1,1,0,1,1
STRAIN_0182,1,0,0,0,0,0,1,0,0,0,1,0,1,0,0,1,1,1,1,1,0,1,1
STRAIN_0183,0,1,0,0,0,1,0,0,1,0,1,1,1,0,0,1,1,0,1,1,1,0,1
STRAIN_0184,0,0,0,0,0,0,1,1,1,0,0,1,1,0,1,1,1,1,1,1,0,1,0
STRAIN_0185,0,0,0,1,0,1,0,0,1,0,0,0,0,1,0,1,0,1,1,0,1,0,0
STRAIN_0186,0,0,0,0,0,0,1,1,1,1,0,1,1,0,1,1,1,1,1,1,0,1,0
STRAIN_0187,0,0,0,0,0,0,0,0,1,0,0,0,0,1,1,1,1,1,1,1,0,1,0
STRAIN_0188,0,0,0,0,0,0,1,0,0,0,0,0,1,0,0,0,1,1,1,1,0,1,0
STRAIN_0189,0,0,0,1,1,1,0,1,0,1,0,0,0,0,0,0,1,1,0,1,1,0,0
STRAIN_0190,0,1,0,0,1,0,0,1,0,1,1,1,0,0,1,1,1,0,1,1,0,1,1
STRAIN_0191,0,0,0,0,0,0,0,1,1,0,0,1,0,0,0,0,0,1,1,1,0,1,0
STRAIN_0192,1,0,0,0,0,0,0,0,0,1,0,1,1,1,1,0,0,1,1,1,0,1,0
STRAIN_0193,0,0,0,0,0,0,0,0,1,0,0,1,1,1,1,1,1,1,1,1,0,1,0
STRAIN_0194,0,0,1,0,0,0,0,1,0,1,1,0,1,1,1,1,0,1,1,1,0,1,0
STRAIN_0195,0,1,0,1,0,1,1,0,0,1,1,1,0,1,0,1,0,1,1,1,1,0,1
STRAIN_0196,0,1,0,1,1,1,0,0,1,1,1,1,1,1,1,0,0,1,1,1,1,0,0
STRAIN_0197,0,0,0,0,0,1,0,0,0,0,0,1,1,1,1,0,0,1,1,1,1,0,0
STRAIN_0198,0,0,0,0,1,1,0,0,0,0,0,0,1,0,1,1,1,1,1,1,1,0,1
STRAIN_0199,0,0,0,1,0,0,1,1,0,0,1,0,1,1,0,1,1,1,1,1,0,1,1
