Strain_ID,AMR_Gene_01,AMR_Gene_02,AMR_Gene_03,AMR_Gene_04,AMR_Gene_05,AMR_Gene_06,AMR_Gene_07,AMR_Gene_08,AMR_Gene_09,AMR_Gene_10,AMR_Gene_11,AMR_Gene_12,AMR_Gene_13,AMR_Gene_14,AMR_Gene_15,AMR_Gene_16,AMR_Gene_17,AMR_Gene_18,AMR_Gene_19,AMR_Gene_20,AMR_Gene_21,AMR_Gene_22,AMR_Gene_23,AMR_Gene_24,AMR_Gene_25,AMR_Gene_26,AMR_Gene_27,AMR_Gene_28,AMR_Gene_29,AMR_Gene_30
Strain_0001,1,0,0,0,0,1,1,1,0,1,0,0,1,0,1,0,0,1,1,1,1,0,0,0,0,0,1,0,0,0
Strain_0002,0,0,0,0,0,1,0,1,0,1,1,0,0,0,1,0,1,1,0,0,0,0,0,0,0,0,0,0,0,0
Strain_0003,0,1,0,1,0,1,1,1,1,0,0,0,1,0,1,1,0,1,0,1,1,0,0,1,1,0,1,0,0,0
Strain_0004,1,0,0,1,0,1,1,0,0,1,0,0,1,0,0,0,0,1,0,0,0,0,0,1,0,0,0,1,0,0
Strain_0005,1,0,0,1,0,1,0,1,0,1,0,0,0,0,0,0,0,1,0,1,1,0,1,1,0,0,1,0,0,0
Strain_0006,1,0,0,1,0,1,1,1,0,1,0,0,1,0,0,1,1,0,0,1,0,0,0,0,0,0,0,1,0,0
Strain_0007,0,0,0,0,0,1,0,0,0,1,0,0,0,0,0,0,0,0,0,0,0,0,0,0,0,0,0,0,0,0
Strain_0008,0,0,0,1,1,1,0,0,0,1,0,0,0,1,1,0,0,1,0,1,0,0,0,0,0,1,0,0,0,0
Strain_0009,0,0,0,0,0,1,0,0,0,1,0,0,0,0,0,0,0,1,0,1,1,0,1,0,0,0,0,0,0,0
Strain_0010,0,0,0,1,0,1,1,0,0,1,0,0,1,0,1,0,1,1,0,0,0,0,0,0,0,0,0,0,0,0
Strain_0011,0,0,0,0,1,1,0,0,0,1,0,0,1,0,0,1,0,1,0,1,0,0,0,1,0,0,0,1,0,0
Strain_0012,1,0,0,0,0,1,1,0,0,0,1,0,1,0,1,1,0,1,0,1,1,0,0,0,0,0,0,0,0,0
Strain_0013,0,0,0,0,1,0,1,0,0,0,1,0,0,0,0,1,1,1,0,1,0,0,0,0,1,0,0,0,0,0
Strain_0014,0,0,0,1,0,0,1,0,0,1,1,0,1,0,1,1,0,0,0,1,0,1,0,0,0,0,0,1,0,0
Strain_0015,0,0,0,0,0,1,0,0,0,1,0,0,1,0,1,0,0,1,0,0,1,1,0,0,0,0,0,0,0,1
Strain_0016,0,0,0,0,0,1,1,0,0,1,0,0,0,0,0,0,0,1,1,1,1,0,0,0,0,0,0,0,0,0
Strain_0017,1,0,0,0,0,1,0,0,0,0,0,0,0,0,0,1,0,1,0,1,0,0,0,0,0,0,0,1,0,0
Strain_0018,1,0,0,0,0,1,0,0,1,1,0,0,1,0,1,1,0,0,1,1,0,0,0,0,0,0,0,1,0,0
Strain_0019,0,0,0,1,0,1,1,0,0,1,0,0,1,0,0,1,0,1,1,0,1,0,0,0,0,0,0,0,0,0
Strain_0020,0,0,0,1,0,0,1,0,0,0,0,0,1,0,1,0,0,1,0,0,0,0,0,1,0,0,0,0,0,0
Strain_0021,0,0,0,1,0,1,0,0,0,1,0,0,0,0,0,1,0,1,0,1,1,0,0,1,0,0,0,0,0,0
Strain_0022,0,0,0,1,0,0,0,0,0,1,0,0,0,0,0,1,0,1,0,0,0,0,0,0,1,0,0,0,0,0
Strain_0023,0,0,0,0,1,1,1,0,0,1,0,0,1,0,1,1,1,1,0,0,1,0,0,0,0,0,0,1,0,0
Strain_0024,0,0,0,1,0,0,0,0,0,1,0,0,1,0,0,1,1,1,0,1,0,1,0,0,1,0,0,0,0,0
Strain_0025,1,0,0,1,0,1,0,0,0,0,1,0,0,1,0,1,1,1,0,0,0,1,0,0,0,0,1,0,0,0
Strain_0026,0,0,0,0,1,1,0,0,0,1,0,1,1,0,0,0,0,1,0,1,0,1,0,0,0,0,0,0,0,0
Strain_0027,0,0,0,1,1,0,0,0,0,1,1,0,1,0,0,1,0,1,1,1,0,1,0,0,0,0,0,0,1,0
Strain_0028,1,0,0,1,1,1,1,0,0,1,0,0,1,0,0,0,0,0,1,1,0,1,0,0,1,0,0,1,0,0
Strain_0029,1,0,0,0,0,1,1,0,0,1,0,0,0,0,0,1,0,1,1,0,0,0,0,1,1,0,0,0,0,0
Strain_0030,0,0,0,1,1,1,0,0,1,1,0,0,1,1,0,0,0,1,0,0,0,1,0,0,0,0,0,0,0,0
Strain_0031,1,0,0,0,0,1,0,0,0,1,0,0,1,0,0,1,0,1,0,1,0,1,0,0,0,0,0,0,0,1
Strain_0032,0,0,0,0,0,1,1,0,0,1,0,0,0,0,0,1,1,0,1,0,0,1,0,0,1,0,1,0,0,0
Strain_0033,1,0,0,0,0,0,1,0,0,1,0,0,0,0,0,0,0,1,0,1,0,1,0,0,0,0,0,0,0,0
Strain_0034,0,0,0,1,0,1,0,0,0,0,0,0,0,0,1,1,1,1,0,0,1,0,0,1,0,0,0,0,0,0
Strain_0035,0,0,0,1,0,1,0,0,1,1,0,0,1,0,1,1,0,1,1,0,1,1,0,0,0,0,0,0,0,1
Strain_0036,0,0,0,0,0,1,1,0,0,0,0,0,1,0,0,0,0,1,1,0,0,1,0,0,1,0,0,0,0,0
Strain_0037,1,0,0,1,0,1,1,1,0,1,0,0,1,0,1,1,0,1,1,1,1,1,0,0,0,0,1,0,0,0
Strain_0038,1,0,0,0,0,0,0,0,1,1,0,0,1,1,1,1,1,1,0,0,0,1,0,0,0,0,0,0,0,0
Strain_0039,0,0,0,0,0,1,0,0,1,0,0,0,1,1,0,0,0,0,1,0,0,0,0,0,0,0,0,0,0,0
Strain_0040,0,0,0,0,0,1,0,1,0,0,0,0,1,0,1,1,1,1,0,0,0,1,0,1,1,0,1,0,0,0
Strain_0041,0,0,0,0,0,1,1,0,0,1,1,0,1,0,1,0,1,1,1,0,0,0,1,1,0,1,0,1,0,0
Strain_0042,0,0,0,0,0,1,0,0,0,0,1,0,1,0,0,1,0,1,0,0,1,0,0,1,0,0,0,0,0,0
Strain_0043,1,0,0,1,1,1,1,0,0,1,0,0,0,0,0,1,1,1,0,0,1,0,0,0,0,1,0,0,0,0
Strain_0044,0,0,0,0,1,1,0,0,0,0,0,0,1,0,1,1,0,1,1,0,1,1,0,0,1,0,1,0,0,0
Strain_0045,0,0,0,0,0,0,0,0,0,1,1,0,1,0,0,1,0,1,0,1,0,0,0,1,0,1,0,0,0,0
Strain_0046,1,0,0,1,0,0,0,1,0,0,0,0,1,1,1,1,0,0,0,0,0,1,0,0,0,0,0,0,0,0
Strain_0047,0,0,0,1,0,1,0,1,0,0,0,1,1,0,1,1,0,1,1,0,0,0,0,0,0,0,0,0,0,0
Strain_0048,0,0,1,0,0,1,0,0,0,1,0,1,1,0,1,0,0,0,1,1,1,0,0,1,0,0,1,1,0,0
Strain_0049,0,0,0,0,0,1,0,0,0,1,1,0,1,0,0,1,0,1,0,0,0,0,0,0,0,0,0,0,0,0
Strain_0050,0,0,0,0,0,1,1,0,0,1,0,0,0,0,1,0,1,1,0,1,0,0,0,0,0,0,0,0,0,0
Strain_0051,1,0,0,1,0,1,0,1,1,1,1,1,0,0,0,1,0,1,0,1,0,1,0,1,0,0,1,1,0,0
Strain_0052,0,0,0,1,0,0,0,0,0,1,0,0,0,0,0,1,0,1,1,0,1,0,0,0,0,1,0,0,1,0
Strain_0053,0,0,0,0,0,1,1,0,0,0,0,1,0,0,0,1,0,1,0,0,0,0,0,1,0,1,0,0,0,0
Strain_0054,1,0,0,0,0,1,0,0,0,0,0,0,0,0,0,0,0,0,0,1,0,1,0,0,0,0,1,0,0,0
Strain_0055,0,0,0,0,1,1,1,0,0,1,0,0,1,0,0,1,0,0,0,1,0,1,0,0,0,0,0,0,0,0
Strain_0056,0,1,0,0,0,1,1,0,0,0,0,1,1,0,0,1,0,1,0,0,0,0,0,1,0,0,0,0,0,0
Strain_0057,0,0,0,1,0,1,1,0,1,1,1,0,0,0,0,1,1,1,0,0,0,0,0,1,0,0,1,0,0,0
Strain_0058,0,1,0,1,0,1,1,0,0,1,0,0,0,0,0,0,0,0,0,1,0,1,0,1,1,1,0,0,0,0
Strain_0059,0,0,0,0,0,1,0,0,0,1,1,0,0,0,0,1,1,0,0,0,0,0,0,1,0,0,1,0,0,0
Strain_0060,0,0,0,0,0,1,0,0,1,1,0,0,1,0,0,0,0,1,0,0,1,0,0,0,0,1,1,0,0,1
Strain_0061,1,0,0,1,0,0,1,1,0,1,0,0,1,0,0,0,0,1,0,0,0,1,0,1,0,0,0,0,0,0
Strain_0062,0,0,0,0,0,1,0,0,0,1,0,0,1,0,1,0,1,0,0,1,0,1,0,1,0,0,0,0,0,1
Strain_0063,0,0,0,0,1,1,0,0,0,0,0,0,0,0,1,0,0,1,0,1,0,0,0,0,0,0,0,0,0,0
Strain_0064,0,0,0,1,0,1,1,1,0,1,0,0,1,0,0,1,1,0,0,0,0,0,0,0,0,0,0,0,0,0
Strain_0065,0,0,0,1,0,1,0,0,0,1,0,0,1,0,1,1,0,0,0,1,1,0,0,0,0,0,0,0,0,0
Strain_0066,0,0,0,1,0,0,0,0,0,1,0,1,0,0,1,0,0,1,1,1,0,0,0,0,0,0,0,0,0,0
Strain_0067,0,0,0,1,0,0,0,0,0,0,0,0,1,1,0,0,0,1,0,0,0,0,0,1,0,0,1,0,0,1
Strain_0068,1,0,0,0,0,1,0,1,0,1,0,0,0,0,1,0,0,1,0,0,0,1,0,1,0,0,1,0,1,1
Strain_0069,0,1,0,0,1,1,0,0,0,1,0,0,1,0,0,0,0,1,0,1,0,0,1,0,0,1,0,0,0,0
Strain_0070,0,0,0,0,0,0,0,0,0,1,0,0,1,0,1,1,0,0,0,1,0,1,0,0,1,0,0,0,0,1
Strain_0071,0,0,0,1,0,1,0,0,0,1,0,0,0,1,0,0,0,1,1,1,0,1,0,1,0,1,0,0,0,0
Strain_0072,0,0,0,1,0,0,0,0,0,0,0,0,1,0,1,0,0,1,0,0,0,1,0,0,0,0,0,0,0,0
Strain_0073,0,0,0,0,1,1,0,1,0,1,1,0,1,0,0,0,0,1,0,0,0,0,0,0,0,0,0,0,0,0
Strain_0074,1,0,0,0,1,0,0,0,0,1,0,0,1,0,1,1,1,1,0,0,1,1,0,1,0,0,0,0,1,0
Strain_0075,0,0,0,0,0,1,0,0,0,1,1,0,0,0,1,1,0,1,0,1,0,0,0,1,0,0,0,1,0,0
Strain_0076,0,0,0,1,0,1,0,0,0,1,0,0,1,1,0,1,1,0,0,0,1,0,0,0,0,0,0,0,0,0
Strain_0077,0,0,0,1,0,1,1,0,1,1,0,0,1,0,0,1,0,1,1,0,0,1,1,0,0,0,0,0,0,0
Strain_0078,0,1,0,1,0,0,1,0,0,0,0,0,1,0,1,1,0,1,0,1,0,0,0,1,1,1,0,0,0,0
Strain_0079,0,0,0,0,0,0,0,1,0,0,0,0,1,0,1,1,0,1,0,0,1,0,0,0,0,1,1,0,0,0
Strain_0080,1,0,0,1,0,1,0,0,1,0,0,0,1,0,1,1,0,0,0,1,1,1,0,0,0,0,0,0,0,0
Strain_0081,0,0,0,1,0,1,1,0,1,1,1,1,1,0,0,1,0,1,1,0,0,1,0,1,0,0,0,1,0,0
Strain_0082,0,0,0,0,1,1,1,0,0,0,1,0,1,0,1,1,0,1,0,0,0,0,0,0,0,0,0,0,0,0
Strain_0083,0,0,0,1,0,1,0,0,0,1,0,0,1,0,1,1,0,1,0,1,0,1,0,0,0,0,0,0,0,0
Strain_0084,0,0,0,1,0,1,0,0,1,0,0,0,1,0,0,1,0,1,0,0,0,0,0,1,0,1,1,0,0,0
Strain_0085,0,0,0,0,0,1,0,0,0,0,0,0,0,1,1,1,0,0,0,0,1,0,0,0,0,0,0,1,0,0
Strain_0086,1,0,0,0,0,1,0,1,0,1,0,0,1,0,0,1,1,1,0,0,0,0,0,1,0,0,1,0,0,0
Strain_0087,0,0,0,0,0,1,1,0,0,0,1,0,0,0,1,1,0,1,0,0,0,1,0,1,0,0,0,0,0,0
Strain_0088,0,0,0,1,0,1,1,1,0,0,1,0,1,0,0,1,1,1,0,1,0,0,0,0,1,0,0,0,0,0
Strain_0089,0,0,0,0,0,1,0,0,0,1,0,0,1,0,0,0,0,1,0,1,1,0,0,1,0,0,0,0,0,0
Strain_0090,0,0,1,0,1,0,0,0,0,0,0,0,1,0,0,1,0,0,0,1,0,0,0,0,1,0,0,0,0,0
Strain_0091,0,0,0,1,0,0,1,0,0,0,0,0,0,0,1,1,0,0,0,0,1,1,0,0,0,0,0,1,0,0
Strain_0092,0,0,0,0,1,1,0,0,0,1,0,0,0,0,0,1,0,1,0,0,0,1,0,0,0,0,0,0,0,0
Strain_0093,1,0,0,0,0,1,0,0,0,1,0,0,1,1,0,0,0,0,1,0,0,0,0,1,0,0,1,0,0,0
Strain_0094,0,0,0,1,0,1,0,0,0,1,0,0,0,1,0,1,0,1,0,1,0,0,0,0,0,0,0,0,0,0
Strain_0095,0,0,0,1,0,1,0,0,0,1,0,0,1,0,1,1,0,1,1,1,1,0,0,1,0,0,0,0,0,0
Strain_0096,0,1,0,1,1,1,0,0,0,1,0,0,1,0,0,1,0,1,0,1,1,0,0,1,0,0,0,0,0,0
Strain_0097,0,0,0,0,0,1,0,0,1,0,0,0,0,0,0,0,0,1,0,0,0,0,1,0,0,0,0,0,0,0
Strain_0098,0,1,0,0,0,1,1,0,0,1,0,0,0,0,1,1,0,1,0,0,1,1,0,1,0,0,0,0,0,0
Strain_0099,0,0,0,0,0,1,0,0,0,1,1,0,0,0,0,1,0,1,0,1,1,1,0,1,0,0,1,0,0,1
Strain_0100,0,0,1,0,0,1,0,0,0,1,0,1,1,0,0,1,0,1,0,1,0,0,0,0,0,0,0,0,0,1
Strain_0101,1,0,0,1,0,1,0,0,1,1,0,0,0,0,1,0,0,0,1,0,0,1,0,1,1,0,0,1,0,0
Strain_0102,0,0,1,0,0,1,1,1,0,0,0,0,0,0,1,1,0,0,1,0,0,1,0,0,0,0,1,1,0,1
Strain_0103,0,0,0,1,0,1,0,1,1,1,0,0,1,0,1,1,0,0,0,1,1,1,0,0,1,0,0,0,0,0
Strain_0104,0,0,0,1,0,1,0,0,1,1,0,0,0,0,0,1,0,1,0,1,0,0,0,0,0,1,1,0,0,0
Strain_0105,1,0,0,0,1,0,0,0,0,1,0,0,1,0,1,1,0,1,0,1,1,0,0,1,0,0,1,0,0,0
Strain_0106,0,0,0,0,0,1,0,0,0,0,0,0,0,1,0,1,0,1,0,1,0,1,1,0,0,0,0,0,0,1
Strain_0107,1,0,0,0,0,0,0,1,0,0,0,0,1,0,1,0,0,0,0,0,1,1,0,0,0,0,0,1,0,0
Strain_0108,1,0,0,0,0,1,1,0,1,1,0,0,0,0,1,1,0,0,0,1,0,0,0,1,1,1,0,0,0,0
Strain_0109,1,0,0,0,0,1,0,0,0,1,0,0,0,1,0,1,0,1,0,0,0,0,0,0,0,0,0,0,0,0
Strain_0110,0,0,1,0,0,1,1,0,0,0,0,0,0,0,1,1,0,1,0,1,0,1,0,0,0,0,0,0,0,0
Strain_0111,1,0,0,1,0,1,0,0,0,0,1,0,0,0,1,1,0,1,0,1,0,1,0,0,0,0,1,0,0,0
Strain_0112,0,0,0,0,0,1,1,0,0,1,1,0,1,0,0,1,0,0,0,0,0,0,0,0,0,0,0,0,0,0
Strain_0113,0,0,0,0,0,1,0,1,0,1,0,0,1,0,1,1,0,1,1,0,1,0,0,1,0,0,0,1,0,0
Strain_0114,0,0,0,1,1,1,0,0,0,0,0,0,1,0,0,1,1,1,1,0,0,0,0,1,0,0,0,0,0,0
Strain_0115,0,0,0,1,0,1,0,0,1,1,0,0,0,0,0,0,1,0,0,0,0,1,0,1,0,0,0,0,0,0
Strain_0116,0,0,0,0,0,1,1,1,0,1,0,0,1,1,0,0,0,0,0,0,0,0,0,0,0,0,0,0,0,0
Strain_0117,0,0,0,0,1,1,1,1,1,0,0,0,1,0,0,0,0,1,1,1,1,0,0,1,1,0,0,1,0,0
Strain_0118,1,0,0,1,1,0,1,0,0,0,1,0,1,0,1,0,0,0,0,1,0,0,0,1,0,0,0,0,0,0
Strain_0119,1,0,0,1,0,1,0,0,0,1,0,0,0,1,1,1,1,1,0,1,0,0,0,1,0,0,0,1,0,0
Strain_0120,0,0,0,0,0,0,0,0,0,1,0,0,0,0,0,0,0,1,0,0,1,0,0,0,0,0,0,0,0,0
Strain_0121,0,0,1,1,0,1,1,0,0,1,1,0,1,1,1,1,1,1,0,1,1,1,1,0,0,0,1,0,0,0
Strain_0122,0,0,0,0,0,1,0,0,0,1,1,0,1,0,0,1,0,0,0,1,0,0,1,0,0,0,0,0,0,0
Strain_0123,0,0,0,1,0,0,0,0,0,0,0,0,0,0,0,0,1,0,0,0,0,0,0,0,0,0,0,0,0,0
Strain_0124,1,1,0,1,0,0,1,1,0,1,0,0,1,0,1,0,0,1,1,1,0,0,0,1,0,0,0,0,0,0
Strain_0125,0,0,0,0,0,1,1,0,0,0,0,0,1,1,0,0,0,1,1,0,1,1,1,0,1,0,0,0,0,0
Strain_0126,0,0,0,0,0,1,0,0,0,1,0,0,1,1,0,1,0,1,0,1,1,0,0,0,0,0,0,1,0,0
Strain_0127,0,0,0,1,0,1,0,0,0,1,0,0,0,0,0,1,0,1,0,1,1,0,0,0,0,0,1,1,0,0
Strain_0128,0,0,1,0,0,1,0,1,0,1,1,0,1,0,0,1,0,1,0,0,1,1,0,1,0,0,0,0,0,1
Strain_0129,0,0,0,0,0,1,0,0,1,1,0,0,1,0,1,1,0,1,0,1,0,0,0,0,0,0,1,1,0,0
Strain_0130,1,0,0,1,0,1,0,1,0,1,0,0,0,1,0,1,0,1,1,0,1,1,0,0,0,0,0,0,0,0
Strain_0131,0,0,0,0,0,1,1,0,0,1,0,0,0,0,0,0,1,0,0,0,0,0,0,1,0,0,0,1,0,0
Strain_0132,0,0,0,0,0,1,1,1,0,1,0,0,1,0,1,1,0,1,1,1,1,1,0,0,0,0,0,0,0,1
Strain_0133,1,0,0,0,0,0,1,0,1,1,0,0,0,0,0,1,0,0,0,1,0,1,0,0,1,0,0,0,0,0
Strain_0134,0,0,0,0,0,1,0,0,0,1,0,0,1,0,0,1,0,0,1,0,1,0,0,0,0,0,1,1,0,0
Strain_0135,1,0,0,1,0,1,1,1,0,1,0,0,1,0,1,0,0,1,0,1,0,1,0,0,0,0,0,0,1,0
Strain_0136,1,0,1,0,0,1,1,1,0,0,0,0,1,0,0,0,0,1,0,0,0,0,0,0,0,1,0,0,0,0
Strain_0137,0,0,0,0,1,1,0,0,0,1,1,1,0,0,1,1,0,1,0,1,0,1,0,0,0,0,1,1,0,0
Strain_0138,1,0,0,1,1,1,0,0,0,1,0,0,1,1,1,1,0,1,0,1,0,0,0,1,0,0,0,0,0,0
Strain_0139,0,0,0,0,0,1,0,1,0,1,0,1,1,0,0,0,1,1,1,0,1,1,0,0,0,0,0,0,0,0
Strain_0140,0,0,0,1,0,1,0,1,0,1,0,0,1,1,1,1,0,1,1,0,1,0,1,1,1,0,0,0,0,1
Strain_0141,0,0,0,0,0,0,0,1,0,0,0,0,0,0,1,0,0,0,1,1,0,1,0,0,0,0,1,1,1,0
Strain_0142,1,0,0,1,1,1,0,0,0,1,0,0,1,1,1,0,1,1,1,1,0,0,0,1,0,0,0,0,0,0
Strain_0143,0,0,0,1,0,0,0,0,0,1,1,0,1,0,0,0,0,1,0,1,0,0,0,0,1,0,1,0,0,0
Strain_0144,1,0,1,0,0,0,1,0,1,0,0,0,1,1,1,0,0,1,0,1,0,0,0,0,0,0,0,1,0,0
Strain_0145,0,0,0,1,0,0,0,0,0,1,0,0,0,1,1,1,0,1,1,1,1,0,0,1,0,0,0,1,0,0
Strain_0146,0,0,0,0,0,1,0,0,0,1,1,0,0,0,0,1,1,1,0,0,0,1,0,1,0,0,0,0,0,0
Strain_0147,1,0,0,0,0,1,1,0,0,1,0,0,1,0,1,1,1,1,1,0,1,1,0,1,0,1,0,1,0,0
Strain_0148,0,0,0,0,0,1,1,0,0,1,0,0,1,0,0,1,0,0,1,1,1,0,0,0,0,0,0,1,0,0
Strain_0149,0,0,0,1,1,0,0,1,0,1,0,1,1,0,0,1,0,1,1,1,0,1,0,0,1,0,0,0,0,0
Strain_0150,0,0,0,1,0,1,0,0,0,1,0,0,0,0,0,1,0,1,1,0,0,1,0,1,0,0,0,0,0,0
Strain_0151,1,0,0,0,0,1,0,0,0,1,0,1,0,0,1,1,1,0,1,1,0,0,0,1,0,0,0,1,0,0
Strain_0152,1,0,0,0,1,1,0,1,0,0,1,0,1,0,1,1,0,1,0,1,0,0,0,0,0,0,0,1,0,0
Strain_0153,0,0,0,0,1,1,1,1,1,0,0,0,0,0,0,1,0,0,0,1,0,0,0,0,0,0,0,0,0,0
Strain_0154,0,0,0,0,0,0,1,1,0,1,0,1,1,0,1,1,0,0,0,0,0,0,0,1,0,1,0,0,0,0
Strain_0155,0,0,0,1,1,1,1,0,0,0,0,0,1,0,1,1,0,0,1,1,0,0,0,0,0,0,0,0,0,0
Strain_0156,0,0,0,0,1,1,0,1,0,1,0,0,1,1,1,0,1,1,0,1,1,1,0,0,1,0,0,0,0,0
Strain_0157,1,0,0,1,1,0,0,0,0,1,0,0,0,0,0,0,1,1,0,1,0,0,0,0,0,0,0,0,0,0
Strain_0158,1,0,1,0,0,1,1,1,0,1,0,0,0,0,0,0,0,1,0,0,0,0,0,0,0,0,1,1,0,0
Strain_0159,1,0,0,0,0,0,0,0,1,0,0,0,0,1,0,1,0,1,0,1,1,1,0,1,0,0,0,0,1,0
Strain_0160,0,0,1,0,0,1,1,0,0,0,0,1,1,0,0,0,1,1,1,1,1,0,0,0,0,0,0,0,0,0
Strain_0161,0,0,0,0,0,1,0,1,0,1,1,0,0,1,0,1,0,1,0,0,0,1,0,1,0,0,0,0,0,0
Strain_0162,0,0,0,0,0,1,1,0,0,1,0,0,1,0,0,1,0,1,1,0,0,0,0,1,0,0,0,0,1,0
Strain_0163,1,0,0,0,0,1,0,1,0,1,0,0,1,0,1,1,0,0,0,1,1,0,0,1,0,0,0,0,0,0
Strain_0164,0,0,0,0,0,1,0,0,0,1,1,0,0,0,1,1,1,0,0,1,1,0,0,1,1,0,0,0,0,0
Strain_0165,0,0,0,1,0,1,1,1,0,0,0,0,1,0,0,1,0,1,0,1,0,1,0,1,1,0,0,0,0,0
Strain_0166,0,0,0,1,0,1,1,0,0,1,0,0,1,0,0,1,0,1,0,0,1,0,1,0,0,0,0,0,0,0
Strain_0167,1,0,0,0,0,1,0,0,0,0,0,0,0,0,1,1,1,1,1,0,0,1,0,0,0,0,0,0,0,0
Strain_0168,0,0,1,0,0,1,0,0,0,1,0,0,1,0,0,0,1,0,0,0,0,1,0,0,0,0,0,0,0,0
Strain_0169,0,0,0,0,0,1,0,0,0,1,0,0,1,0,1,1,1,0,0,1,0,0,0,1,0,0,0,0,0,1
Strain_0170,0,0,0,0,0,1,0,1,1,0,0,0,1,0,0,1,0,0,0,1,0,1,0,0,0,0,1,0,0,0
Strain_0171,1,0,0,0,0,1,0,0,1,0,0,0,0,0,0,1,0,1,0,1,0,0,0,1,0,1,0,1,0,0
Strain_0172,1,0,0,1,0,1,1,0,0,1,1,0,0,0,1,0,0,0,1,1,1,0,0,1,0,0,0,0,0,1
Strain_0173,0,0,0,0,1,1,1,0,0,0,0,0,0,0,1,1,1,1,0,0,0,1,0,1,0,0,0,0,0,0
Strain_0174,0,0,0,0,0,1,1,0,0,1,0,0,1,0,1,0,0,1,0,1,0,0,1,0,1,0,0,0,0,0
Strain_0175,0,0,0,0,0,1,1,0,0,1,0,0,1,1,0,1,0,1,0,1,1,1,1,1,0,0,0,0,0,0
Strain_0176,0,0,0,1,0,1,0,0,0,0,0,0,1,0,0,1,1,1,1,1,0,0,0,0,0,0,1,0,1,0
Strain_0177,0,0,0,0,0,0,0,1,0,1,0,0,0,0,0,0,0,1,0,0,1,0,0,0,0,0,0,0,0,0
Strain_0178,0,0,0,1,0,1,0,0,0,0,0,0,1,0,0,1,1,1,0,1,1,0,0,0,0,0,1,0,0,0
Strain_0179,0,0,1,1,0,1,0,1,0,1,0,0,1,0,1,1,0,0,0,0,0,0,0,0,1,0,0,0,0,1
Strain_0180,1,0,0,0,0,1,0,0,0,0,1,0,1,0,0,0,1,0,1,1,0,0,0,1,0,0,1,0,0,0
Strain_0181,0,0,0,0,1,1,0,0,1,1,0,0,0,0,1,1,1,0,1,1,0,0,0,0,0,0,0,0,0,0
Strain_0182,0,0,0,0,0,1,0,1,1,0,0,0,1,1,0,0,0,1,0,1,0,1,0,0,0,0,0,0,0,0
Strain_0183,1,0,0,1,0,1,1,0,0,0,0,0,1,0,0,1,0,1,0,0,0,1,0,0,0,0,0,1,0,0
Strain_0184,0,0,1,1,0,0,0,0,0,0,0,0,1,0,1,0,0,1,1,1,0,1,0,1,0,0,0,0,0,0
Strain_0185,0,0,0,0,0,1,0,0,0,1,0,0,1,1,0,1,0,1,1,1,0,0,0,0,0,1,0,0,0,1
Strain_0186,0,0,0,0,0,1,0,0,0,0,0,1,1,0,1,1,0,1,0,0,0,0,0,0,0,0,0,0,0,0
Strain_0187,1,0,0,0,0,0,1,1,0,0,0,0,1,0,1,1,0,0,0,1,0,0,0,0,0,0,1,0,0,0
Strain_0188,1,0,0,0,0,1,1,1,0,0,0,0,1,0,0,1,0,1,0,1,1,1,0,1,0,0,0,0,0,0
Strain_0189,0,0,0,1,0,0,0,0,1,0,0,0,0,0,1,1,0,0,0,0,0,1,0,0,0,0,1,0,0,0
Strain_0190,1,0,0,0,0,1,0,0,1,1,0,0,1,0,0,1,0,1,0,1,0,1,0,0,0,0,0,0,0,0
Strain_0191,0,0,0,1,1,0,1,1,0,0,0,0,1,0,1,1,1,1,0,0,1,1,0,1,0,0,1,0,0,0
Strain_0192,0,0,0,1,0,0,1,0,0,1,0,0,1,0,0,1,0,1,0,0,0,1,0,1,0,0,0,0,0,0
Strain_0193,0,1,0,0,0,1,0,1,0,1,0,0,1,0,0,0,0,1,0,1,0,1,0,1,0,0,0,0,0,0
Strain_0194,1,0,0,1,0,1,0,0,0,1,0,0,1,0,0,1,0,1,0,0,1,0,0,1,0,0,1,0,0,0
Strain_0195,0,0,1,0,0,1,0,0,0,1,1,0,0,0,1,1,0,1,0,1,0,0,0,0,0,0,1,0,0,0
Strain_0196,0,0,1,0,0,0,0,0,0,1,0,0,0,0,1,0,1,0,0,0,1,1,0,0,0,0,0,0,0,0
Strain_0197,1,0,0,0,1,1,0,0,1,1,0,0,0,0,0,0,1,0,0,0,0,1,0,1,0,0,0,0,0,0
Strain_0198,1,0,0,1,0,1,0,0,1,1,0,0,1,0,0,1,1,0,0,1,0,1,1,1,0,1,0,1,0,0
Strain_0199,0,0,0,1,0,0,0,0,0,1,0,0,1,0,0,1,1,0,1,0,1,1,0,0,0,0,0,0,0,0
Strain_0200,0,0,0,0,1,1,1,0,0,1,0,0,1,0,0,0,1,0,0,0,0,0,0,0,0,0,0,0,0,0
